23;0;72;0;[Int];[not, and, +, <, =];[];false;[true, (! true :named ssa_precond), (! (not false) :named ssa_postcond), (! (and (= product__local__threadpooling_working_1_-1 (- 1)) (= product__local__threadpooling_working_0_-1 (- 1)) (< 0 product__global_workload_-1) (< 0 product__global_next_-1)) :named ssa_0), (! true :named ssa_1), (! (and (= product__global_next_2 (+ product__global_workload_-1 product__global_next_-1)) (= product__local__threadpooling_end_0_2 product__global_next_2) (= product__local__threadpooling_begin_0_2 product__global_next_-1)) :named ssa_2), (! (= product__local__threadpooling_i_0_3 product__local__threadpooling_begin_0_2) :named ssa_3), (! true :named ssa_4), (! (< product__local__threadpooling_i_0_3 product__local__threadpooling_end_0_2) :named ssa_5), (! (and (= product__local__threadpooling_begin_1_6 product__global_next_2) (= product__local__threadpooling_end_1_6 product__global_next_6) (= product__global_next_6 (+ product__global_workload_-1 product__global_next_2))) :named ssa_6), (! (= product__local__threadpooling_working_0_7 product__local__threadpooling_i_0_3) :named ssa_7), (! (= product__local__threadpooling_i_1_8 product__local__threadpooling_begin_1_6) :named ssa_8), (! (< product__local__threadpooling_i_1_8 product__local__threadpooling_end_1_6) :named ssa_9), (! (= product__local__threadpooling_working_1_10 product__local__threadpooling_i_1_8) :named ssa_10), (! (= product__local__threadpooling_working_1_10 product__local__threadpooling_working_0_7) :named ssa_11)];1899.612
23;0;72;0;[Int];[not, and, +, <, =];[];false;[true, (! true :named ssa_precond), (! (not false) :named ssa_postcond), (! (and (= product__local__threadpooling_working_1_-1 (- 1)) (= product__local__threadpooling_working_0_-1 (- 1)) (< 0 product__global_workload_-1) (< 0 product__global_next_-1)) :named ssa_0), (! true :named ssa_1), (! (and (= product__global_next_2 (+ product__global_workload_-1 product__global_next_-1)) (= product__local__threadpooling_end_0_2 product__global_next_2) (= product__local__threadpooling_begin_0_2 product__global_next_-1)) :named ssa_2), (! (= product__local__threadpooling_i_0_3 product__local__threadpooling_begin_0_2) :named ssa_3), (! true :named ssa_4), (! (< product__local__threadpooling_i_0_3 product__local__threadpooling_end_0_2) :named ssa_5), (! (and (= product__local__threadpooling_begin_1_6 product__global_next_2) (= product__local__threadpooling_end_1_6 product__global_next_6) (= product__global_next_6 (+ product__global_workload_-1 product__global_next_2))) :named ssa_6), (! (= product__local__threadpooling_i_1_7 product__local__threadpooling_begin_1_6) :named ssa_7), (! (= product__local__threadpooling_working_0_8 product__local__threadpooling_i_0_3) :named ssa_8), (! (< product__local__threadpooling_i_1_7 product__local__threadpooling_end_1_6) :named ssa_9), (! (= product__local__threadpooling_working_1_10 product__local__threadpooling_i_1_7) :named ssa_10), (! (= product__local__threadpooling_working_1_10 product__local__threadpooling_working_0_8) :named ssa_11)];2348.623
23;0;72;0;[Int];[not, and, +, <, =];[];false;[true, (! true :named ssa_precond), (! (not false) :named ssa_postcond), (! (and (= product__local__threadpooling_working_1_-1 (- 1)) (= product__local__threadpooling_working_0_-1 (- 1)) (< 0 product__global_workload_-1) (< 0 product__global_next_-1)) :named ssa_0), (! true :named ssa_1), (! (and (= product__global_next_2 (+ product__global_workload_-1 product__global_next_-1)) (= product__local__threadpooling_end_0_2 product__global_next_2) (= product__local__threadpooling_begin_0_2 product__global_next_-1)) :named ssa_2), (! (= product__local__threadpooling_i_0_3 product__local__threadpooling_begin_0_2) :named ssa_3), (! true :named ssa_4), (! (< product__local__threadpooling_i_0_3 product__local__threadpooling_end_0_2) :named ssa_5), (! (and (= product__local__threadpooling_begin_1_6 product__global_next_2) (= product__local__threadpooling_end_1_6 product__global_next_6) (= product__global_next_6 (+ product__global_workload_-1 product__global_next_2))) :named ssa_6), (! (= product__local__threadpooling_i_1_7 product__local__threadpooling_begin_1_6) :named ssa_7), (! (< product__local__threadpooling_i_1_7 product__local__threadpooling_end_1_6) :named ssa_8), (! (= product__local__threadpooling_working_1_9 product__local__threadpooling_i_1_7) :named ssa_9), (! (= product__local__threadpooling_working_0_10 product__local__threadpooling_i_0_3) :named ssa_10), (! (= product__local__threadpooling_working_1_9 product__local__threadpooling_working_0_10) :named ssa_11)];1410.37
23;0;72;0;[Int];[not, and, +, <, =];[];false;[true, (! true :named ssa_precond), (! (not false) :named ssa_postcond), (! (and (= product__local__threadpooling_working_1_-1 (- 1)) (= product__local__threadpooling_working_0_-1 (- 1)) (< 0 product__global_workload_-1) (< 0 product__global_next_-1)) :named ssa_0), (! true :named ssa_1), (! (and (= product__global_next_2 (+ product__global_workload_-1 product__global_next_-1)) (= product__local__threadpooling_end_0_2 product__global_next_2) (= product__local__threadpooling_begin_0_2 product__global_next_-1)) :named ssa_2), (! (= product__local__threadpooling_i_0_3 product__local__threadpooling_begin_0_2) :named ssa_3), (! true :named ssa_4), (! (and (= product__local__threadpooling_end_1_5 product__global_next_5) (= product__local__threadpooling_begin_1_5 product__global_next_2) (= product__global_next_5 (+ product__global_next_2 product__global_workload_-1))) :named ssa_5), (! (< product__local__threadpooling_i_0_3 product__local__threadpooling_end_0_2) :named ssa_6), (! (= product__local__threadpooling_working_0_7 product__local__threadpooling_i_0_3) :named ssa_7), (! (= product__local__threadpooling_i_1_8 product__local__threadpooling_begin_1_5) :named ssa_8), (! (< product__local__threadpooling_i_1_8 product__local__threadpooling_end_1_5) :named ssa_9), (! (= product__local__threadpooling_working_1_10 product__local__threadpooling_i_1_8) :named ssa_10), (! (= product__local__threadpooling_working_1_10 product__local__threadpooling_working_0_7) :named ssa_11)];1175.774
23;0;72;0;[Int];[not, and, +, <, =];[];false;[true, (! true :named ssa_precond), (! (not false) :named ssa_postcond), (! (and (= product__local__threadpooling_working_1_-1 (- 1)) (= product__local__threadpooling_working_0_-1 (- 1)) (< 0 product__global_workload_-1) (< 0 product__global_next_-1)) :named ssa_0), (! true :named ssa_1), (! (and (= product__global_next_2 (+ product__global_workload_-1 product__global_next_-1)) (= product__local__threadpooling_end_0_2 product__global_next_2) (= product__local__threadpooling_begin_0_2 product__global_next_-1)) :named ssa_2), (! (= product__local__threadpooling_i_0_3 product__local__threadpooling_begin_0_2) :named ssa_3), (! true :named ssa_4), (! (and (= product__local__threadpooling_end_1_5 product__global_next_5) (= product__local__threadpooling_begin_1_5 product__global_next_2) (= product__global_next_5 (+ product__global_next_2 product__global_workload_-1))) :named ssa_5), (! (< product__local__threadpooling_i_0_3 product__local__threadpooling_end_0_2) :named ssa_6), (! (= product__local__threadpooling_i_1_7 product__local__threadpooling_begin_1_5) :named ssa_7), (! (= product__local__threadpooling_working_0_8 product__local__threadpooling_i_0_3) :named ssa_8), (! (< product__local__threadpooling_i_1_7 product__local__threadpooling_end_1_5) :named ssa_9), (! (= product__local__threadpooling_working_1_10 product__local__threadpooling_i_1_7) :named ssa_10), (! (= product__local__threadpooling_working_1_10 product__local__threadpooling_working_0_8) :named ssa_11)];1021.457
23;0;72;0;[Int];[not, and, +, <, =];[];false;[true, (! true :named ssa_precond), (! (not false) :named ssa_postcond), (! (and (= product__local__threadpooling_working_1_-1 (- 1)) (= product__local__threadpooling_working_0_-1 (- 1)) (< 0 product__global_workload_-1) (< 0 product__global_next_-1)) :named ssa_0), (! true :named ssa_1), (! (and (= product__global_next_2 (+ product__global_workload_-1 product__global_next_-1)) (= product__local__threadpooling_end_0_2 product__global_next_2) (= product__local__threadpooling_begin_0_2 product__global_next_-1)) :named ssa_2), (! (= product__local__threadpooling_i_0_3 product__local__threadpooling_begin_0_2) :named ssa_3), (! true :named ssa_4), (! (and (= product__local__threadpooling_end_1_5 product__global_next_5) (= product__local__threadpooling_begin_1_5 product__global_next_2) (= product__global_next_5 (+ product__global_next_2 product__global_workload_-1))) :named ssa_5), (! (< product__local__threadpooling_i_0_3 product__local__threadpooling_end_0_2) :named ssa_6), (! (= product__local__threadpooling_i_1_7 product__local__threadpooling_begin_1_5) :named ssa_7), (! (< product__local__threadpooling_i_1_7 product__local__threadpooling_end_1_5) :named ssa_8), (! (= product__local__threadpooling_working_1_9 product__local__threadpooling_i_1_7) :named ssa_9), (! (= product__local__threadpooling_working_0_10 product__local__threadpooling_i_0_3) :named ssa_10), (! (= product__local__threadpooling_working_1_9 product__local__threadpooling_working_0_10) :named ssa_11)];1189.143
23;0;72;0;[Int];[not, and, +, <, =];[];false;[true, (! true :named ssa_precond), (! (not false) :named ssa_postcond), (! (and (= product__local__threadpooling_working_1_-1 (- 1)) (= product__local__threadpooling_working_0_-1 (- 1)) (< 0 product__global_workload_-1) (< 0 product__global_next_-1)) :named ssa_0), (! true :named ssa_1), (! (and (= product__global_next_2 (+ product__global_workload_-1 product__global_next_-1)) (= product__local__threadpooling_end_0_2 product__global_next_2) (= product__local__threadpooling_begin_0_2 product__global_next_-1)) :named ssa_2), (! (= product__local__threadpooling_i_0_3 product__local__threadpooling_begin_0_2) :named ssa_3), (! true :named ssa_4), (! (and (= product__local__threadpooling_end_1_5 product__global_next_5) (= product__local__threadpooling_begin_1_5 product__global_next_2) (= product__global_next_5 (+ product__global_next_2 product__global_workload_-1))) :named ssa_5), (! (= product__local__threadpooling_i_1_6 product__local__threadpooling_begin_1_5) :named ssa_6), (! (< product__local__threadpooling_i_0_3 product__local__threadpooling_end_0_2) :named ssa_7), (! (= product__local__threadpooling_working_0_8 product__local__threadpooling_i_0_3) :named ssa_8), (! (< product__local__threadpooling_i_1_6 product__local__threadpooling_end_1_5) :named ssa_9), (! (= product__local__threadpooling_working_1_10 product__local__threadpooling_i_1_6) :named ssa_10), (! (= product__local__threadpooling_working_1_10 product__local__threadpooling_working_0_8) :named ssa_11)];936.604
23;0;72;0;[Int];[not, and, +, <, =];[];false;[true, (! true :named ssa_precond), (! (not false) :named ssa_postcond), (! (and (= product__local__threadpooling_working_1_-1 (- 1)) (= product__local__threadpooling_working_0_-1 (- 1)) (< 0 product__global_workload_-1) (< 0 product__global_next_-1)) :named ssa_0), (! true :named ssa_1), (! (and (= product__global_next_2 (+ product__global_workload_-1 product__global_next_-1)) (= product__local__threadpooling_end_0_2 product__global_next_2) (= product__local__threadpooling_begin_0_2 product__global_next_-1)) :named ssa_2), (! (= product__local__threadpooling_i_0_3 product__local__threadpooling_begin_0_2) :named ssa_3), (! true :named ssa_4), (! (and (= product__local__threadpooling_end_1_5 product__global_next_5) (= product__local__threadpooling_begin_1_5 product__global_next_2) (= product__global_next_5 (+ product__global_next_2 product__global_workload_-1))) :named ssa_5), (! (= product__local__threadpooling_i_1_6 product__local__threadpooling_begin_1_5) :named ssa_6), (! (< product__local__threadpooling_i_0_3 product__local__threadpooling_end_0_2) :named ssa_7), (! (< product__local__threadpooling_i_1_6 product__local__threadpooling_end_1_5) :named ssa_8), (! (= product__local__threadpooling_working_1_9 product__local__threadpooling_i_1_6) :named ssa_9), (! (= product__local__threadpooling_working_0_10 product__local__threadpooling_i_0_3) :named ssa_10), (! (= product__local__threadpooling_working_1_9 product__local__threadpooling_working_0_10) :named ssa_11)];1060.25
23;0;72;0;[Int];[not, and, +, <, =];[];false;[true, (! true :named ssa_precond), (! (not false) :named ssa_postcond), (! (and (= product__local__threadpooling_working_1_-1 (- 1)) (= product__local__threadpooling_working_0_-1 (- 1)) (< 0 product__global_workload_-1) (< 0 product__global_next_-1)) :named ssa_0), (! true :named ssa_1), (! (and (= product__global_next_2 (+ product__global_workload_-1 product__global_next_-1)) (= product__local__threadpooling_end_0_2 product__global_next_2) (= product__local__threadpooling_begin_0_2 product__global_next_-1)) :named ssa_2), (! (= product__local__threadpooling_i_0_3 product__local__threadpooling_begin_0_2) :named ssa_3), (! true :named ssa_4), (! (and (= product__local__threadpooling_end_1_5 product__global_next_5) (= product__local__threadpooling_begin_1_5 product__global_next_2) (= product__global_next_5 (+ product__global_next_2 product__global_workload_-1))) :named ssa_5), (! (= product__local__threadpooling_i_1_6 product__local__threadpooling_begin_1_5) :named ssa_6), (! (< product__local__threadpooling_i_1_6 product__local__threadpooling_end_1_5) :named ssa_7), (! (= product__local__threadpooling_working_1_8 product__local__threadpooling_i_1_6) :named ssa_8), (! (< product__local__threadpooling_i_0_3 product__local__threadpooling_end_0_2) :named ssa_9), (! (= product__local__threadpooling_working_0_10 product__local__threadpooling_i_0_3) :named ssa_10), (! (= product__local__threadpooling_working_1_8 product__local__threadpooling_working_0_10) :named ssa_11)];769.833
23;0;72;0;[Int];[not, and, +, <, =];[];false;[true, (! true :named ssa_precond), (! (not false) :named ssa_postcond), (! (and (= product__local__threadpooling_working_1_-1 (- 1)) (= product__local__threadpooling_working_0_-1 (- 1)) (< 0 product__global_workload_-1) (< 0 product__global_next_-1)) :named ssa_0), (! true :named ssa_1), (! true :named ssa_2), (! (and (= product__local__threadpooling_begin_1_3 product__global_next_-1) (= product__local__threadpooling_end_1_3 product__global_next_3) (= product__global_next_3 (+ product__global_workload_-1 product__global_next_-1))) :named ssa_3), (! (and (= product__global_next_4 (+ product__global_next_3 product__global_workload_-1)) (= product__local__threadpooling_end_0_4 product__global_next_4) (= product__local__threadpooling_begin_0_4 product__global_next_3)) :named ssa_4), (! (= product__local__threadpooling_i_0_5 product__local__threadpooling_begin_0_4) :named ssa_5), (! (< product__local__threadpooling_i_0_5 product__local__threadpooling_end_0_4) :named ssa_6), (! (= product__local__threadpooling_working_0_7 product__local__threadpooling_i_0_5) :named ssa_7), (! (= product__local__threadpooling_i_1_8 product__local__threadpooling_begin_1_3) :named ssa_8), (! (< product__local__threadpooling_i_1_8 product__local__threadpooling_end_1_3) :named ssa_9), (! (= product__local__threadpooling_working_1_10 product__local__threadpooling_i_1_8) :named ssa_10), (! (= product__local__threadpooling_working_1_10 product__local__threadpooling_working_0_7) :named ssa_11)];770.491
23;0;72;0;[Int];[not, and, +, <, =];[];false;[true, (! true :named ssa_precond), (! (not false) :named ssa_postcond), (! (and (= product__local__threadpooling_working_1_-1 (- 1)) (= product__local__threadpooling_working_0_-1 (- 1)) (< 0 product__global_workload_-1) (< 0 product__global_next_-1)) :named ssa_0), (! true :named ssa_1), (! true :named ssa_2), (! (and (= product__local__threadpooling_begin_1_3 product__global_next_-1) (= product__local__threadpooling_end_1_3 product__global_next_3) (= product__global_next_3 (+ product__global_workload_-1 product__global_next_-1))) :named ssa_3), (! (and (= product__global_next_4 (+ product__global_next_3 product__global_workload_-1)) (= product__local__threadpooling_end_0_4 product__global_next_4) (= product__local__threadpooling_begin_0_4 product__global_next_3)) :named ssa_4), (! (= product__local__threadpooling_i_0_5 product__local__threadpooling_begin_0_4) :named ssa_5), (! (< product__local__threadpooling_i_0_5 product__local__threadpooling_end_0_4) :named ssa_6), (! (= product__local__threadpooling_i_1_7 product__local__threadpooling_begin_1_3) :named ssa_7), (! (< product__local__threadpooling_i_1_7 product__local__threadpooling_end_1_3) :named ssa_8), (! (= product__local__threadpooling_working_0_9 product__local__threadpooling_i_0_5) :named ssa_9), (! (= product__local__threadpooling_working_1_10 product__local__threadpooling_i_1_7) :named ssa_10), (! (= product__local__threadpooling_working_1_10 product__local__threadpooling_working_0_9) :named ssa_11)];767.808
23;0;72;0;[Int];[not, and, +, <, =];[];false;[true, (! true :named ssa_precond), (! (not false) :named ssa_postcond), (! (and (= product__local__threadpooling_working_1_-1 (- 1)) (= product__local__threadpooling_working_0_-1 (- 1)) (< 0 product__global_workload_-1) (< 0 product__global_next_-1)) :named ssa_0), (! true :named ssa_1), (! true :named ssa_2), (! (and (= product__local__threadpooling_begin_1_3 product__global_next_-1) (= product__local__threadpooling_end_1_3 product__global_next_3) (= product__global_next_3 (+ product__global_workload_-1 product__global_next_-1))) :named ssa_3), (! (and (= product__global_next_4 (+ product__global_next_3 product__global_workload_-1)) (= product__local__threadpooling_end_0_4 product__global_next_4) (= product__local__threadpooling_begin_0_4 product__global_next_3)) :named ssa_4), (! (= product__local__threadpooling_i_0_5 product__local__threadpooling_begin_0_4) :named ssa_5), (! (< product__local__threadpooling_i_0_5 product__local__threadpooling_end_0_4) :named ssa_6), (! (= product__local__threadpooling_i_1_7 product__local__threadpooling_begin_1_3) :named ssa_7), (! (< product__local__threadpooling_i_1_7 product__local__threadpooling_end_1_3) :named ssa_8), (! (= product__local__threadpooling_working_1_9 product__local__threadpooling_i_1_7) :named ssa_9), (! (= product__local__threadpooling_working_0_10 product__local__threadpooling_i_0_5) :named ssa_10), (! (= product__local__threadpooling_working_1_9 product__local__threadpooling_working_0_10) :named ssa_11)];736.154
23;0;72;0;[Int];[not, and, +, <, =];[];false;[true, (! true :named ssa_precond), (! (not false) :named ssa_postcond), (! (and (= product__local__threadpooling_working_1_-1 (- 1)) (= product__local__threadpooling_working_0_-1 (- 1)) (< 0 product__global_workload_-1) (< 0 product__global_next_-1)) :named ssa_0), (! true :named ssa_1), (! true :named ssa_2), (! (and (= product__local__threadpooling_begin_1_3 product__global_next_-1) (= product__local__threadpooling_end_1_3 product__global_next_3) (= product__global_next_3 (+ product__global_workload_-1 product__global_next_-1))) :named ssa_3), (! (and (= product__global_next_4 (+ product__global_next_3 product__global_workload_-1)) (= product__local__threadpooling_end_0_4 product__global_next_4) (= product__local__threadpooling_begin_0_4 product__global_next_3)) :named ssa_4), (! (= product__local__threadpooling_i_1_5 product__local__threadpooling_begin_1_3) :named ssa_5), (! (< product__local__threadpooling_i_1_5 product__local__threadpooling_end_1_3) :named ssa_6), (! (= product__local__threadpooling_i_0_7 product__local__threadpooling_begin_0_4) :named ssa_7), (! (< product__local__threadpooling_i_0_7 product__local__threadpooling_end_0_4) :named ssa_8), (! (= product__local__threadpooling_working_0_9 product__local__threadpooling_i_0_7) :named ssa_9), (! (= product__local__threadpooling_working_1_10 product__local__threadpooling_i_1_5) :named ssa_10), (! (= product__local__threadpooling_working_1_10 product__local__threadpooling_working_0_9) :named ssa_11)];662.672
23;0;72;0;[Int];[not, and, +, <, =];[];false;[true, (! true :named ssa_precond), (! (not false) :named ssa_postcond), (! (and (= product__local__threadpooling_working_1_-1 (- 1)) (= product__local__threadpooling_working_0_-1 (- 1)) (< 0 product__global_workload_-1) (< 0 product__global_next_-1)) :named ssa_0), (! true :named ssa_1), (! true :named ssa_2), (! (and (= product__local__threadpooling_begin_1_3 product__global_next_-1) (= product__local__threadpooling_end_1_3 product__global_next_3) (= product__global_next_3 (+ product__global_workload_-1 product__global_next_-1))) :named ssa_3), (! (and (= product__global_next_4 (+ product__global_next_3 product__global_workload_-1)) (= product__local__threadpooling_end_0_4 product__global_next_4) (= product__local__threadpooling_begin_0_4 product__global_next_3)) :named ssa_4), (! (= product__local__threadpooling_i_1_5 product__local__threadpooling_begin_1_3) :named ssa_5), (! (< product__local__threadpooling_i_1_5 product__local__threadpooling_end_1_3) :named ssa_6), (! (= product__local__threadpooling_i_0_7 product__local__threadpooling_begin_0_4) :named ssa_7), (! (< product__local__threadpooling_i_0_7 product__local__threadpooling_end_0_4) :named ssa_8), (! (= product__local__threadpooling_working_1_9 product__local__threadpooling_i_1_5) :named ssa_9), (! (= product__local__threadpooling_working_0_10 product__local__threadpooling_i_0_7) :named ssa_10), (! (= product__local__threadpooling_working_1_9 product__local__threadpooling_working_0_10) :named ssa_11)];912.115
23;0;72;0;[Int];[not, and, +, <, =];[];false;[true, (! true :named ssa_precond), (! (not false) :named ssa_postcond), (! (and (= product__local__threadpooling_working_1_-1 (- 1)) (= product__local__threadpooling_working_0_-1 (- 1)) (< 0 product__global_workload_-1) (< 0 product__global_next_-1)) :named ssa_0), (! true :named ssa_1), (! true :named ssa_2), (! (and (= product__local__threadpooling_begin_1_3 product__global_next_-1) (= product__local__threadpooling_end_1_3 product__global_next_3) (= product__global_next_3 (+ product__global_workload_-1 product__global_next_-1))) :named ssa_3), (! (and (= product__global_next_4 (+ product__global_next_3 product__global_workload_-1)) (= product__local__threadpooling_end_0_4 product__global_next_4) (= product__local__threadpooling_begin_0_4 product__global_next_3)) :named ssa_4), (! (= product__local__threadpooling_i_1_5 product__local__threadpooling_begin_1_3) :named ssa_5), (! (< product__local__threadpooling_i_1_5 product__local__threadpooling_end_1_3) :named ssa_6), (! (= product__local__threadpooling_working_1_7 product__local__threadpooling_i_1_5) :named ssa_7), (! (= product__local__threadpooling_i_0_8 product__local__threadpooling_begin_0_4) :named ssa_8), (! (< product__local__threadpooling_i_0_8 product__local__threadpooling_end_0_4) :named ssa_9), (! (= product__local__threadpooling_working_0_10 product__local__threadpooling_i_0_8) :named ssa_10), (! (= product__local__threadpooling_working_1_7 product__local__threadpooling_working_0_10) :named ssa_11)];719.822
23;0;72;0;[Int];[not, and, +, <, =];[];false;[true, (! true :named ssa_precond), (! (not false) :named ssa_postcond), (! (and (= product__local__threadpooling_working_1_-1 (- 1)) (= product__local__threadpooling_working_0_-1 (- 1)) (< 0 product__global_workload_-1) (< 0 product__global_next_-1)) :named ssa_0), (! true :named ssa_1), (! true :named ssa_2), (! (and (= product__local__threadpooling_begin_1_3 product__global_next_-1) (= product__local__threadpooling_end_1_3 product__global_next_3) (= product__global_next_3 (+ product__global_workload_-1 product__global_next_-1))) :named ssa_3), (! (= product__local__threadpooling_i_1_4 product__local__threadpooling_begin_1_3) :named ssa_4), (! (< product__local__threadpooling_i_1_4 product__local__threadpooling_end_1_3) :named ssa_5), (! (and (= product__global_next_6 (+ product__global_next_3 product__global_workload_-1)) (= product__local__threadpooling_begin_0_6 product__global_next_3) (= product__local__threadpooling_end_0_6 product__global_next_6)) :named ssa_6), (! (= product__local__threadpooling_i_0_7 product__local__threadpooling_begin_0_6) :named ssa_7), (! (< product__local__threadpooling_i_0_7 product__local__threadpooling_end_0_6) :named ssa_8), (! (= product__local__threadpooling_working_0_9 product__local__threadpooling_i_0_7) :named ssa_9), (! (= product__local__threadpooling_working_1_10 product__local__threadpooling_i_1_4) :named ssa_10), (! (= product__local__threadpooling_working_1_10 product__local__threadpooling_working_0_9) :named ssa_11)];705.683
23;0;72;0;[Int];[not, and, +, <, =];[];false;[true, (! true :named ssa_precond), (! (not false) :named ssa_postcond), (! (and (= product__local__threadpooling_working_1_-1 (- 1)) (= product__local__threadpooling_working_0_-1 (- 1)) (< 0 product__global_workload_-1) (< 0 product__global_next_-1)) :named ssa_0), (! true :named ssa_1), (! true :named ssa_2), (! (and (= product__local__threadpooling_begin_1_3 product__global_next_-1) (= product__local__threadpooling_end_1_3 product__global_next_3) (= product__global_next_3 (+ product__global_workload_-1 product__global_next_-1))) :named ssa_3), (! (= product__local__threadpooling_i_1_4 product__local__threadpooling_begin_1_3) :named ssa_4), (! (< product__local__threadpooling_i_1_4 product__local__threadpooling_end_1_3) :named ssa_5), (! (and (= product__global_next_6 (+ product__global_next_3 product__global_workload_-1)) (= product__local__threadpooling_begin_0_6 product__global_next_3) (= product__local__threadpooling_end_0_6 product__global_next_6)) :named ssa_6), (! (= product__local__threadpooling_i_0_7 product__local__threadpooling_begin_0_6) :named ssa_7), (! (< product__local__threadpooling_i_0_7 product__local__threadpooling_end_0_6) :named ssa_8), (! (= product__local__threadpooling_working_1_9 product__local__threadpooling_i_1_4) :named ssa_9), (! (= product__local__threadpooling_working_0_10 product__local__threadpooling_i_0_7) :named ssa_10), (! (= product__local__threadpooling_working_1_9 product__local__threadpooling_working_0_10) :named ssa_11)];615.093
23;0;72;0;[Int];[not, and, +, <, =];[];false;[true, (! true :named ssa_precond), (! (not false) :named ssa_postcond), (! (and (= product__local__threadpooling_working_1_-1 (- 1)) (= product__local__threadpooling_working_0_-1 (- 1)) (< 0 product__global_workload_-1) (< 0 product__global_next_-1)) :named ssa_0), (! true :named ssa_1), (! true :named ssa_2), (! (and (= product__local__threadpooling_begin_1_3 product__global_next_-1) (= product__local__threadpooling_end_1_3 product__global_next_3) (= product__global_next_3 (+ product__global_workload_-1 product__global_next_-1))) :named ssa_3), (! (= product__local__threadpooling_i_1_4 product__local__threadpooling_begin_1_3) :named ssa_4), (! (< product__local__threadpooling_i_1_4 product__local__threadpooling_end_1_3) :named ssa_5), (! (and (= product__global_next_6 (+ product__global_next_3 product__global_workload_-1)) (= product__local__threadpooling_begin_0_6 product__global_next_3) (= product__local__threadpooling_end_0_6 product__global_next_6)) :named ssa_6), (! (= product__local__threadpooling_working_1_7 product__local__threadpooling_i_1_4) :named ssa_7), (! (= product__local__threadpooling_i_0_8 product__local__threadpooling_begin_0_6) :named ssa_8), (! (< product__local__threadpooling_i_0_8 product__local__threadpooling_end_0_6) :named ssa_9), (! (= product__local__threadpooling_working_0_10 product__local__threadpooling_i_0_8) :named ssa_10), (! (= product__local__threadpooling_working_1_7 product__local__threadpooling_working_0_10) :named ssa_11)];580.201
23;0;72;0;[Int];[not, and, +, <, =];[];false;[true, (! true :named ssa_precond), (! (not false) :named ssa_postcond), (! (and (= product__local__threadpooling_working_1_-1 (- 1)) (= product__local__threadpooling_working_0_-1 (- 1)) (< 0 product__global_workload_-1) (< 0 product__global_next_-1)) :named ssa_0), (! true :named ssa_1), (! true :named ssa_2), (! (and (= product__local__threadpooling_begin_1_3 product__global_next_-1) (= product__local__threadpooling_end_1_3 product__global_next_3) (= product__global_next_3 (+ product__global_workload_-1 product__global_next_-1))) :named ssa_3), (! (= product__local__threadpooling_i_1_4 product__local__threadpooling_begin_1_3) :named ssa_4), (! (< product__local__threadpooling_i_1_4 product__local__threadpooling_end_1_3) :named ssa_5), (! (= product__local__threadpooling_working_1_6 product__local__threadpooling_i_1_4) :named ssa_6), (! (and (= product__local__threadpooling_end_0_7 product__global_next_7) (= product__local__threadpooling_begin_0_7 product__global_next_3) (= product__global_next_7 (+ product__global_workload_-1 product__global_next_3))) :named ssa_7), (! (= product__local__threadpooling_i_0_8 product__local__threadpooling_begin_0_7) :named ssa_8), (! (< product__local__threadpooling_i_0_8 product__local__threadpooling_end_0_7) :named ssa_9), (! (= product__local__threadpooling_working_0_10 product__local__threadpooling_i_0_8) :named ssa_10), (! (= product__local__threadpooling_working_1_6 product__local__threadpooling_working_0_10) :named ssa_11)];980.188
28;0;82;0;[Int];[not, and, +, <, =];[];false;[true, (! true :named ssa_precond), (! (not false) :named ssa_postcond), (! (and (= product__local__threadpooling_working_1_-1 (- 1)) (= product__local__threadpooling_working_0_-1 (- 1)) (< 0 product__global_workload_-1) (< 0 product__global_next_-1)) :named ssa_0), (! true :named ssa_1), (! (and (= product__global_next_2 (+ product__global_workload_-1 product__global_next_-1)) (= product__local__threadpooling_end_0_2 product__global_next_2) (= product__local__threadpooling_begin_0_2 product__global_next_-1)) :named ssa_2), (! (= product__local__threadpooling_i_0_3 product__local__threadpooling_begin_0_2) :named ssa_3), (! (not (< product__local__threadpooling_i_0_3 product__local__threadpooling_end_0_2)) :named ssa_4), (! true :named ssa_5), (! (and (= product__global_next_6 (+ product__global_workload_-1 product__global_next_2)) (= product__local__threadpooling_end_0_6 product__global_next_6) (= product__local__threadpooling_begin_0_6 product__global_next_2)) :named ssa_6), (! true :named ssa_7), (! (and (= product__local__threadpooling_end_1_8 product__global_next_8) (= product__local__threadpooling_begin_1_8 product__global_next_6) (= product__global_next_8 (+ product__global_next_6 product__global_workload_-1))) :named ssa_8), (! (= product__local__threadpooling_i_1_9 product__local__threadpooling_begin_1_8) :named ssa_9), (! (< product__local__threadpooling_i_1_9 product__local__threadpooling_end_1_8) :named ssa_10), (! (= product__local__threadpooling_working_1_11 product__local__threadpooling_i_1_9) :named ssa_11), (! (= product__local__threadpooling_working_1_11 product__local__threadpooling_working_0_-1) :named ssa_12)];628.381
26;0;79;0;[Int];[not, and, +, <, =];[];false;[true, (! true :named ssa_precond), (! (not false) :named ssa_postcond), (! (and (= product__local__threadpooling_working_1_-1 (- 1)) (= product__local__threadpooling_working_0_-1 (- 1)) (< 0 product__global_workload_-1) (< 0 product__global_next_-1)) :named ssa_0), (! true :named ssa_1), (! (and (= product__global_next_2 (+ product__global_workload_-1 product__global_next_-1)) (= product__local__threadpooling_end_0_2 product__global_next_2) (= product__local__threadpooling_begin_0_2 product__global_next_-1)) :named ssa_2), (! true :named ssa_3), (! (and (= product__local__threadpooling_end_1_4 product__global_next_4) (= product__local__threadpooling_begin_1_4 product__global_next_2) (= product__global_next_4 (+ product__global_next_2 product__global_workload_-1))) :named ssa_4), (! (= product__local__threadpooling_i_1_5 product__local__threadpooling_begin_1_4) :named ssa_5), (! (< product__local__threadpooling_i_1_5 product__local__threadpooling_end_1_4) :named ssa_6), (! (= product__local__threadpooling_working_1_7 product__local__threadpooling_i_1_5) :named ssa_7), (! (not (= product__local__threadpooling_working_1_7 product__local__threadpooling_working_0_-1)) :named ssa_8), (! (= product__local__threadpooling_i_1_9 (+ product__local__threadpooling_i_1_5 1)) :named ssa_9), (! (< product__local__threadpooling_i_1_9 product__local__threadpooling_end_1_4) :named ssa_10), (! (= product__local__threadpooling_working_1_11 product__local__threadpooling_i_1_9) :named ssa_11), (! (= product__local__threadpooling_working_1_11 product__local__threadpooling_working_0_-1) :named ssa_12)];864.8
15;0;40;0;[Int];[not, and, +, <, =];[];false;[true, (! true :named ssa_precond), (! (not false) :named ssa_postcond), (! (and (= product__local__threadpooling_working_1_-1 (- 1)) (= product__local__threadpooling_working_0_-1 (- 1)) (< 0 product__global_next_-1)) :named ssa_0), (! (and (= product__global_next_1 (+ product__global_next_-1 1)) (= product__local__threadpooling_i_1_1 product__local__threadpooling_begin_1_1) (= product__local__threadpooling_begin_1_1 product__global_next_-1) (= product__local__threadpooling_end_1_1 product__global_next_1)) :named ssa_1), (! (and (< product__local__threadpooling_i_1_1 product__local__threadpooling_end_1_1) (= product__local__threadpooling_i_1_1 product__local__threadpooling_working_1_2)) :named ssa_2), (! (= product__local__threadpooling_working_1_2 product__local__threadpooling_working_0_-1) :named ssa_3)];6702.79
15;0;40;0;[Int];[not, and, +, <, =];[];false;[true, (! true :named ssa_precond), (! (not false) :named ssa_postcond), (! (and (= product__local__threadpooling_working_1_-1 (- 1)) (= product__local__threadpooling_working_0_-1 (- 1)) (< 0 product__global_next_-1)) :named ssa_0), (! (and (= product__local__threadpooling_begin_0_1 product__global_next_-1) (= product__global_next_1 (+ product__global_next_-1 1)) (= product__local__threadpooling_i_0_1 product__local__threadpooling_begin_0_1) (= product__local__threadpooling_end_0_1 product__global_next_1)) :named ssa_1), (! (and (< product__local__threadpooling_i_0_1 product__local__threadpooling_end_0_1) (= product__local__threadpooling_i_0_1 product__local__threadpooling_working_0_2)) :named ssa_2), (! (= product__local__threadpooling_working_1_-1 product__local__threadpooling_working_0_2) :named ssa_3)];960.396
24;0;60;0;[Int];[not, and, +, <, =];[];false;[true, (! true :named ssa_precond), (! (not false) :named ssa_postcond), (! (and (= product__local__threadpooling_working_1_-1 (- 1)) (= product__local__threadpooling_working_0_-1 (- 1)) (< 0 product__global_next_-1)) :named ssa_0), (! (and (= product__global_next_1 (+ product__global_next_-1 1)) (= product__local__threadpooling_i_1_1 product__local__threadpooling_begin_1_1) (= product__local__threadpooling_begin_1_1 product__global_next_-1) (= product__local__threadpooling_end_1_1 product__global_next_1)) :named ssa_1), (! (and (= product__global_next_2 (+ product__global_next_1 1)) (= product__local__threadpooling_end_0_2 product__global_next_2) (= product__local__threadpooling_begin_0_2 product__global_next_1) (= product__local__threadpooling_i_0_2 product__local__threadpooling_begin_0_2)) :named ssa_2), (! (and (< product__local__threadpooling_i_1_1 product__local__threadpooling_end_1_1) (= product__local__threadpooling_i_1_1 product__local__threadpooling_working_1_3)) :named ssa_3), (! (and (= product__local__threadpooling_i_0_2 product__local__threadpooling_working_0_4) (< product__local__threadpooling_i_0_2 product__local__threadpooling_end_0_2)) :named ssa_4), (! (= product__local__threadpooling_working_1_3 product__local__threadpooling_working_0_4) :named ssa_5)];875.796
24;0;60;0;[Int];[not, and, +, <, =];[];false;[true, (! true :named ssa_precond), (! (not false) :named ssa_postcond), (! (and (= product__local__threadpooling_working_1_-1 (- 1)) (= product__local__threadpooling_working_0_-1 (- 1)) (< 0 product__global_next_-1)) :named ssa_0), (! (and (= product__global_next_1 (+ product__global_next_-1 1)) (= product__local__threadpooling_i_1_1 product__local__threadpooling_begin_1_1) (= product__local__threadpooling_begin_1_1 product__global_next_-1) (= product__local__threadpooling_end_1_1 product__global_next_1)) :named ssa_1), (! (and (= product__global_next_2 (+ product__global_next_1 1)) (= product__local__threadpooling_end_0_2 product__global_next_2) (= product__local__threadpooling_begin_0_2 product__global_next_1) (= product__local__threadpooling_i_0_2 product__local__threadpooling_begin_0_2)) :named ssa_2), (! (and (= product__local__threadpooling_i_0_2 product__local__threadpooling_working_0_3) (< product__local__threadpooling_i_0_2 product__local__threadpooling_end_0_2)) :named ssa_3), (! (and (= product__local__threadpooling_i_1_1 product__local__threadpooling_working_1_4) (< product__local__threadpooling_i_1_1 product__local__threadpooling_end_1_1)) :named ssa_4), (! (= product__local__threadpooling_working_1_4 product__local__threadpooling_working_0_3) :named ssa_5)];1723.865
24;0;60;0;[Int];[not, and, +, <, =];[];false;[true, (! true :named ssa_precond), (! (not false) :named ssa_postcond), (! (and (= product__local__threadpooling_working_1_-1 (- 1)) (= product__local__threadpooling_working_0_-1 (- 1)) (< 0 product__global_next_-1)) :named ssa_0), (! (and (= product__global_next_1 (+ product__global_next_-1 1)) (= product__local__threadpooling_i_1_1 product__local__threadpooling_begin_1_1) (= product__local__threadpooling_begin_1_1 product__global_next_-1) (= product__local__threadpooling_end_1_1 product__global_next_1)) :named ssa_1), (! (and (< product__local__threadpooling_i_1_1 product__local__threadpooling_end_1_1) (= product__local__threadpooling_i_1_1 product__local__threadpooling_working_1_2)) :named ssa_2), (! (and (= product__local__threadpooling_i_0_3 product__local__threadpooling_begin_0_3) (= product__local__threadpooling_begin_0_3 product__global_next_1) (= product__local__threadpooling_end_0_3 product__global_next_3) (= product__global_next_3 (+ product__global_next_1 1))) :named ssa_3), (! (and (= product__local__threadpooling_i_0_3 product__local__threadpooling_working_0_4) (< product__local__threadpooling_i_0_3 product__local__threadpooling_end_0_3)) :named ssa_4), (! (= product__local__threadpooling_working_1_2 product__local__threadpooling_working_0_4) :named ssa_5)];986.275
23;0;58;0;[Int];[not, and, +, <, =];[];false;[true, (! true :named ssa_precond), (! (not false) :named ssa_postcond), (! (and (= product__local__threadpooling_working_1_-1 (- 1)) (= product__local__threadpooling_working_0_-1 (- 1)) (< 0 product__global_next_-1)) :named ssa_0), (! (and (= product__local__threadpooling_begin_0_1 product__global_next_-1) (= product__global_next_1 (+ product__global_next_-1 1)) (= product__local__threadpooling_i_0_1 product__local__threadpooling_begin_0_1) (= product__local__threadpooling_end_0_1 product__global_next_1)) :named ssa_1), (! (and (< product__local__threadpooling_i_0_1 product__local__threadpooling_end_0_1) (= product__local__threadpooling_i_0_1 product__local__threadpooling_working_0_2)) :named ssa_2), (! (and (not (= product__local__threadpooling_working_1_-1 product__local__threadpooling_working_0_2)) (= product__local__threadpooling_i_0_3 (+ product__local__threadpooling_i_0_1 1))) :named ssa_3), (! (and (< product__local__threadpooling_i_0_3 product__local__threadpooling_end_0_1) (= product__local__threadpooling_i_0_3 product__local__threadpooling_working_0_4)) :named ssa_4), (! (= product__local__threadpooling_working_1_-1 product__local__threadpooling_working_0_4) :named ssa_5)];496.882
17;0;52;0;[Int];[not, or, and, +, <, =];[];false;[true, (! true :named ssa_precond), (! (not false) :named ssa_postcond), (! (and (= product__local__threadpooling_working_2_-1 (- 3)) (= product__local__threadpooling_working_1_-1 (- 2)) (= product__local__threadpooling_working_0_-1 (- 1)) (< 0 product__global_next_-1)) :named ssa_0), (! true :named ssa_1), (! (and (= product__local__threadpooling_begin_0_2 product__global_next_-1) (= product__global_next_2 (+ product__global_next_-1 1)) (= product__local__threadpooling_end_0_2 product__global_next_2)) :named ssa_2), (! (= product__local__threadpooling_i_0_3 product__local__threadpooling_begin_0_2) :named ssa_3), (! (< product__local__threadpooling_i_0_3 product__local__threadpooling_end_0_2) :named ssa_4), (! (= product__local__threadpooling_working_0_5 product__local__threadpooling_i_0_3) :named ssa_5), (! (or (= product__local__threadpooling_working_0_5 product__local__threadpooling_working_2_-1) (= product__local__threadpooling_working_0_5 product__local__threadpooling_working_1_-1)) :named ssa_6)];6279.779
17;0;52;0;[Int];[not, or, and, +, <, =];[];false;[true, (! true :named ssa_precond), (! (not false) :named ssa_postcond), (! (and (= product__local__threadpooling_working_2_-1 (- 3)) (= product__local__threadpooling_working_1_-1 (- 2)) (= product__local__threadpooling_working_0_-1 (- 1)) (< 0 product__global_next_-1)) :named ssa_0), (! true :named ssa_1), (! (and (= product__global_next_2 (+ product__global_next_-1 1)) (= product__local__threadpooling_begin_1_2 product__global_next_-1) (= product__local__threadpooling_end_1_2 product__global_next_2)) :named ssa_2), (! (= product__local__threadpooling_i_1_3 product__local__threadpooling_begin_1_2) :named ssa_3), (! (< product__local__threadpooling_i_1_3 product__local__threadpooling_end_1_2) :named ssa_4), (! (= product__local__threadpooling_working_1_5 product__local__threadpooling_i_1_3) :named ssa_5), (! (or (= product__local__threadpooling_working_0_-1 product__local__threadpooling_working_2_-1) (= product__local__threadpooling_working_0_-1 product__local__threadpooling_working_1_5)) :named ssa_6)];1269.654
